"","v.k","pi","p.alfa"
"1",1,0.499492563008236,16192.5
"2",2,0.500507436991765,16355.5
