"","v.k","variable","media","varianza","a","lambda"
"1",1,"Cred_perd",16192.6684179802,16193.2512003577,10824.0239346176,177538113.995795
"2",1,"Cred_PF",16193.5525240422,16200.070698708,25139.4692905644,411660387.095837
"3",2,"Cred_perd",16355.6684179802,16356.2512003577,10932.9760653824,178604956.132971
"4",2,"Cred_PF",16356.5525240422,16363.070698708,25392.5307094356,411306737.569194
